{
	"format_version": "1.8.0",
	"animations": {
		"animation.icarus.hold": {
			"loop": true,
			"bones": {
				"gun": {
					"rotation": [-61.42355, -5.48993, -36.75652],
					"position": [-1.6655, 11.23111, -1.44509]
				},
				"leftItem": {
					"scale": 0
				},
				"gun6": {
					"rotation": [-61.89831, -6.00566, -35.18119],
					"position": [-0.72743, 18.90236, -19.18073]
				}
			}
		},
		"animation.icarus.fire": {
			"loop": "hold_on_last_frame",
			"animation_length": 0.25,
			"bones": {
				"gun": {
					"rotation": {
						"0.0": [-61.42355, -5.48993, -36.75652],
						"0.0417": [-72.89365, -23.84909, 6.00426],
						"0.25": [-61.42355, -5.48993, -36.75652]
					},
					"position": {
						"0.0": [-1.6655, 11.23111, -1.44509],
						"0.0833": [-1.67, 11.23, -0.45],
						"0.25": [-1.6655, 11.23111, -1.44509]
					}
				},
				"leftItem": {
					"scale": 0
				},
				"gun6": {
					"rotation": [-61.89831, -6.00566, -35.18119],
					"position": [-0.72743, 18.90236, -19.18073]
				},
				"bone2": {
					"rotation": {
						"0.0": [0, 0, 0],
						"0.0417": [0, 0, 22.5],
						"0.25": [0, 0, 0]
					}
				},
				"bone": {
					"rotation": {
						"0.0": [0, 0, 0],
						"0.125": [180, 0, 0],
						"0.25": [360, 0, 0]
					}
				},
				"bone9": {
					"rotation": [0, 0, 0]
				}
			}
		},
		"animation.icarus.fireL": {
			"loop": "hold_on_last_frame",
			"animation_length": 0.25,
			"bones": {
				"gun": {
					"rotation": [-61.42355, -5.48993, -36.75652],
					"position": [-1.6655, 11.23111, -1.44509]
				},
				"leftItem": {
					"scale": 0
				},
				"gun6": {
					"rotation": {
						"0.0": [-61.89831, -6.00566, -35.18119],
						"0.0417": [-73.65599, -23.90543, 7.84063],
						"0.25": [-61.89831, -6.00566, -35.18119]
					},
					"position": {
						"0.0": [-0.72743, 18.90236, -19.18073],
						"0.0833": [-0.73, 19.9, -19.18],
						"0.25": [-0.72743, 18.90236, -19.18073]
					}
				},
				"bone7": {
					"rotation": {
						"0.0": [0, 0, 0],
						"0.0417": [0, 0, 22.5],
						"0.25": [0, 0, 0]
					}
				},
				"bone9": {
					"rotation": {
						"0.0": [0, 0, 0],
						"0.125": [180, 0, 0],
						"0.25": [360, 0, 0]
					}
				}
			}
		},
		"animation.icarus.thirdperson": {
			"loop": true,
			"bones": {
				"gun": {
					"position": [7, 8.24504, -0.1387]
				},
				"gun4": {
					"position": [6, 8.24504, -0.1387]
				},
				"LeftGun": {
					"scale": 0
				}
			}
		}
	}
}