{
	"format_version": "1.8.0",
	"animations": {
		"animation.player.judgement": {
			"loop": "hold_on_last_frame",
			"animation_length": 0.7917,
			"override_previous_animation": true,
			"bones": {
				"body": {
					"rotation": {
						"0.0": [-90.98, -7.44, 97.56],
						"0.375": [-90.98448, -7.43547, 97.56397],
						"0.4167": [-97.05239, 2.55868, 199.8423],
						"0.5417": [-90.98448, 7.43547, 262.43603],
						"0.6667": [-82.50706, -0.32621, 362.47864],
						"0.7917": [-82.50706, -0.32621, 454.97864]
					},
					"position": {
						"0.0": [0, 0, 0],
						"0.375": [0, 0, 0],
						"0.4167": [0, 0, 4],
						"0.5417": [0, 0, 4],
						"0.7917": [0, 0, 0]
					}
				},
				"leftLeg": {
					"rotation": {
						"0.0": [-87.5, 0, 82.5],
						"0.375": [-87.5, 0, 82.5],
						"0.7917": [-87.5, 0, 82.5]
					},
					"position": {
						"0.0": [0, 8, -5],
						"0.375": [0, 8, -5],
						"0.4167": [0, 8, -12],
						"0.7917": [0, 8, -5]
					}
				},
				"rightLeg": {
					"rotation": {
						"0.0": [-87.5, 0, 75],
						"0.375": [-87.5, 0, 75],
						"0.7917": [-87.5, 0, 75]
					},
					"position": {
						"0.0": [3, 12, -4],
						"0.375": [3, 12, -4],
						"0.4167": [3, 12, -13],
						"0.7917": [3, 12, -4]
					}
				},
				"waist": {
					"rotation": [0, 0, 0],
					"position": [0, 0, 0]
				},
				"head": {
					"rotation": [0, 0, 0],
					"position": [0, 0, 0]
				},
				"leftArm": {
					"rotation": [0, 0, 0],
					"position": [0, 0, 0]
				},
				"rightArm": {
					"rotation": [0, 0, 0],
					"position": [0, 0, 0]
				},
				"actual_body": {
					"rotation": [0, 0, 0],
					"position": [0, 0, 0]
				}
			}
		}
	}
}