{
	"format_version": "1.8.0",
	"animations": {
		"animation.parry_fist.hold": {
			"loop": true,
			"override_previous_animation": true,
			"bones": {
				"rightItem": {
					"position": [7, 10, -1]
				},
				"gun2": {
					"rotation": [0, 90, 0]
				}
			}
		},
		"animation.parry_fist.parry": {
			"loop": "hold_on_last_frame",
			"animation_length": 1,
			"bones": {
				"rightItem": {
					"rotation": [-64.45436, 65.0058, -81.30598],
					"position": [-2, 16, -1]
				},
				"gun2": {
					"rotation": {
						"0.0": [0, 62.5, 0],
						"0.1667": [46.1545, -50.19019, -38.65184],
						"0.5417": [0, 0, 0],
						"0.7917": [0, 0, 0],
						"1.0": [0, 0, 0]
					},
					"position": {
						"0.0": [0, 0, 0],
						"0.1667": [0, -11, 0],
						"0.5417": [0, 0, 0],
						"0.7917": [0, 0, 0],
						"1.0": [-1, -7, 7]
					}
				},
				"bone5": {
					"rotation": {
						"0.0": [0, 0, 0],
						"0.625": [0, 0, 0],
						"0.6667": [10, 0, 0],
						"0.875": [-15, 0, 0],
						"0.9583": [-0.93215, -0.29381, -9.66438],
						"1.0": [0, 0, 0]
					}
				},
				"parry_fist": {
					"rotation": {
						"0.0": [-354.69327, -52.72153, -372.14019],
						"0.0833": [-325.68442, -31.49123, -391.74301],
						"0.125": [-223.54529, -45.90885, -496.86809],
						"0.4583": [-354.69327, -52.72153, -372.14019],
						"1.0": [-354.69327, -52.72153, -372.14019]
					},
					"position": {
						"0.0": [13, -5, -5],
						"0.125": [13, -19, 0],
						"0.4583": [13, -5, -5],
						"1.0": [13, -5, -5]
					}
				}
			}
		},
		"animation.parry_fist.first_person": {
			"loop": true,
			"animation_length": 1,
			"bones": {
				"rightItem": {
					"rotation": [-64.45436, 65.0058, -81.30598],
					"position": [-2, 16, -1]
				},
				"gun2": {
					"rotation": [0, 0, 0],
					"position": [-1, -7, 7]
				},
				"parry_fist": {
					"rotation": [-354.69327, -52.72153, -372.14019],
					"position": [13, -5, -5]
				},
				"hand": {
					"rotation": [0, 0, 17.5]
				}
			}
		},
		"animation.parry_fist.third_person": {
			"loop": true,
			"bones": {
				"gun2": {
					"rotation": [0, 90, 0],
					"position": [12, 10, -2]
				},
				"parry_fist": {
					"position": [8, 14, 2]
				}
			}
		}
	}
}