{
	"format_version": "1.8.0",
	"animations": {
		"animation.smorgler.firstperson": {
			"loop": true,
			"bones": {
				"gun": {
					"rotation": [-49.86595, -13.82061, -43.06687],
					"position": [0, 9, 0]
				}
			}
		},
		"animation.smorgler.fire": {
			"loop": "hold_on_last_frame",
			"animation_length": 0.58333,
			"bones": {
				"gun": {
					"rotation": {
						"0.0": [-49.86595, -13.82061, -43.06687],
						"0.0833": [-65.82518, -31.89513, -9.08097],
						"0.125": [-69.76447, -37.69844, 0.03082],
						"0.5417": [-49.86595, -13.82061, -43.06687]
					},
					"position": {
						"0.0": [0, 9, 0],
						"0.125": [0, 9, 2],
						"0.4167": [0, 9, 0]
					}
				}
			}
		},
		"animation.smorgler.thirdperson": {
			"loop": true,
			"bones": {
				"gun": {
					"position": [6.5, 9, 0]
				}
			}
		}
	}
}