{
	"format_version": "1.8.0",
	"animations": {
		"animation.deep_striker.first_person": {
			"loop": true,
			"bones": {
				"rightItem": {
					"rotation": [-3.91979, 59.81204, -53.73788],
					"position": [-8.38021, -8.1743, -2.96262]
				},
				"gun": {
					"position": [0, 11, 10]
				},
				"gun2": {
					"rotation": [-7.5, 0, 0],
					"position": [24, 6, 12]
				}
			}
		},
		"animation.deep_striker.shoot_self": {
			"loop": "hold_on_last_frame",
			"animation_length": 1.625,
			"bones": {
				"rightItem": {
					"rotation": {
						"0.0": [-3.91979, 59.81204, -53.73788],
						"0.0417": [-6.00523, 53.23591, -61.47307],
						"0.0833": [-12.22117, 33.63491, -84.52881],
						"0.1667": [-30.43439, -23.79774, -152.08413],
						"0.2083": [-36.65033, -43.39874, -175.13987],
						"0.25": [-38.73577, -49.97487, -182.87506],
						"0.4583": [-38.73577, -49.97487, -182.87506],
						"0.5833": [-38.73577, -49.97487, -182.87506],
						"0.6667": [-58.73577, -49.97487, -182.87506],
						"0.9167": [-38.73577, -49.97487, -182.87506],
						"1.4583": [-3.91979, 59.81204, -53.73788]
					},
					"position": {
						"0.0": [-8.38021, -8.1743, -2.96262],
						"0.0417": [-6.64602, -9.98111, -2.25967],
						"0.0833": [-1.47705, -15.36653, -0.16443],
						"0.1667": [13.66849, -31.14628, 5.97481],
						"0.2083": [18.83746, -36.5317, 8.07005],
						"0.25": [20.57165, -38.33851, 8.773],
						"0.4583": [20.57165, -38.33851, 8.773],
						"0.5833": [20.57165, -38.33851, 8.773],
						"0.625": [29.26634, -48.2943, 15.64507],
						"0.75": [20.57165, -38.33851, 8.773],
						"1.25": [20.57165, -38.33851, 8.773],
						"1.4583": [-8.38021, -8.1743, -2.96262]
					}
				},
				"gun": {
					"position": [0, 11, 10]
				},
				"gun2": {
					"rotation": [-7.5, 0, 0],
					"position": [24, 6, 12]
				}
			}
		},
		"animation.deep_striker.fire": {
			"loop": "hold_on_last_frame",
			"animation_length": 0.5833,
			"bones": {
				"rightItem": {
					"rotation": {
						"0.0": [-3.91979, 59.81204, -53.73788],
						"0.5833": [-3.91979, 59.81204, -53.73788]
					},
					"position": {
						"0.0": {
							"post": [-8.38021, -8.1743, -2.96262],
							"lerp_mode": "catmullrom"
						},
						"0.0833": {
							"post": [-11.91553, -4.64792, -2.65186],
							"lerp_mode": "catmullrom"
						},
						"0.5833": [-8.38021, -8.1743, -2.96262]
					}
				},
				"gun": {
					"position": [0, 11, 10]
				},
				"gun2": {
					"rotation": {
						"0.0": [-7.5, 0, 0],
						"0.0417": [-47.5, 0, 0],
						"0.5833": [-7.5, 0, 0]
					},
					"position": [24, 6, 12]
				},
				"upperPart": {
					"rotation": [0, 0, 0],
					"position": [0, 0, 0]
				},
				"lowerPart": {
					"rotation": [0, 0, 0],
					"position": [0, 0, 0]
				}
			}
		},
		"animation.deep_striker_thirdperson": {
			"loop": true,
			"bones": {
				"gun2": {
					"position": [6, -17, -1]
				},
				"rightItem": {
					"position": [30, 22, 19]
				}
			}
		},
		"animation.deep_striker.third_person": {
			"loop": true,
			"bones": {
				"gun2": {
					"position": [6, -17, -1]
				},
				"rightItem": {
					"position": [30, 22, 19]
				}
			}
		}
	}
}