{
	"format_version": "1.8.0",
	"animations": {
		"animation.deepstriker_reborn.thirdperson": {
			"loop": "hold_on_last_frame",
			"bones": {
				"rightItem": {
					"position": [5, 9, 0]
				},
				"gun4": {
					"position": [-11, -1, 0]
				},
				"gun2": {
					"scale": 0
				},
				"gun3": {
					"position": [-5, 0, -1]
				},
				"bone7": {
					"position": [11, 8, 0],
					"scale": 0
				}
			}
		},
		"animation.deepstriker_reborn.firstperson": {
			"loop": "hold_on_last_frame",
			"bones": {
				"rightItem": {
					"rotation": [-31.99897, 63.17628, -57.49913],
					"position": [-1.22044, 13.59408, -7.12121]
				},
				"leftItem": {
					"scale": 0
				},
				"gun4": {
					"rotation": [3.37068, 12.64062, 9.32705],
					"position": [2.95321, -1.01951, 0.48905]
				},
				"gun2": {
					"position": [-1.99656, 0.05118, -0.10542]
				},
				"gun5": {
					"rotation": [6.61155, 17.09095, -4.76605],
					"position": [-0.99828, 0.02559, -0.05271]
				},
				"bone4": {
					"scale": 0
				},
				"bone5": {
					"scale": 0
				}
			}
		},
		"animation.deepstriker_reborn.fire1": {
			"animation_length": 0.5,
			"bones": {
				"rightItem": {
					"rotation": [-31.99897, 63.17628, -57.49913],
					"position": [-1.22044, 13.59408, -7.12121]
				},
				"leftItem": {
					"scale": 0
				},
				"gun4": {
					"rotation": [3.37068, 12.64062, 9.32705],
					"position": [2.95321, -1.01951, 0.48905]
				},
				"gun2": {
					"position": [-1.99656, 0.05118, -0.10542]
				},
				"gun5": {
					"rotation": {
						"0.0": [6.61155, 17.09095, -4.76605],
						"0.0417": [7.13485, -27.61801, -10.03804],
						"0.5": [6.61155, 17.09095, -4.76605]
					},
					"position": {
						"0.0": [-0.99828, 0.02559, -0.05271],
						"0.125": [-0.91672, 1.91548, -0.71184],
						"0.5": [-0.99828, 0.02559, -0.05271]
					}
				},
				"bone4": {
					"scale": 0
				},
				"bone5": {
					"scale": 0
				}
			}
		},
		"animation.deepstriker_reborn.fire2": {
			"animation_length": 0.5,
			"bones": {
				"rightItem": {
					"rotation": [-31.99897, 63.17628, -57.49913],
					"position": [-1.22044, 13.59408, -7.12121]
				},
				"leftItem": {
					"scale": 0
				},
				"gun4": {
					"rotation": {
						"0.0": [3.37068, 12.64062, 9.32705],
						"0.0417": [3.62327, -24.79451, 7.06747],
						"0.5": [3.37068, 12.64062, 9.32705]
					},
					"position": {
						"0.0": [2.95321, -1.01951, 0.48905],
						"0.125": [3.03328, 0.86548, -0.17184],
						"0.5": [2.95321, -1.01951, 0.48905]
					}
				},
				"gun2": {
					"position": [-1.99656, 0.05118, -0.10542]
				},
				"gun5": {
					"rotation": [6.61155, 17.09095, -4.76605],
					"position": [-0.99828, 0.02559, -0.05271]
				},
				"bone4": {
					"scale": 0
				},
				"bone5": {
					"scale": 0
				}
			}
		}
	}
}