{
	"format_version": "1.8.0",
	"animations": {
		"animation.player.swing": {
			"animation_length": 0.4167,
			"override_previous_animation": true,
			"bones": {
				"rightArm": {
					"rotation": {
						"0.0": [-16.92817, -51.74435, 28.13962],
						"0.0417": [-84.24987, 42.91099, 31.89762],
						"0.125": [-106.4771, 16.98747, 22.92822],
						"0.2917": [-36.92817, -51.74435, 28.13962],
						"0.4167": [-10.61432, 11.82843, 12.49814]
					}
				}
			}
		}
	}
}