{
	"format_version": "1.8.0",
	"animations": {
		"animation.shrek_on_crack.pulsate": {
			"loop": true,
			"animation_length": 1,
			"override_previous_animation": true,
			"bones": {
				"head": {
					"rotation": {
						"0.0": [0, 0, 0],
						"0.0417": {"pre": [0, 0, 0], "post": [-15, -22.5, 0]},
						"0.125": {"pre": [-15, -22.5, 0], "post": [7.7614, 14.8687, 2.00307]},
						"0.2083": {"pre": [7.7614, 14.8687, 2.00307], "post": [-9.96671, 11.31095, -31.19425]},
						"0.25": {"pre": [-9.96671, 11.31095, -31.19425], "post": [17.23098, 4.16465, 22.7041]},
						"0.2917": {"pre": [17.23098, 4.16465, 22.7041], "post": [-23.06748, 10.37883, 0.89052]},
						"0.375": {"pre": [-23.06748, 10.37883, 0.89052], "post": [-80.4821, -19.60415, -0.13505]},
						"0.4167": {"pre": [-80.4821, -19.60415, -0.13505], "post": [24.4033, 2.88302, 0.63801]},
						"0.5": {"pre": [24.4033, 2.88302, 0.63801], "post": [0.56679, -28.71617, -15.03875]},
						"0.5417": {"pre": [0.56679, -28.71617, -15.03875], "post": [80.73386, 14.67109, -179.28146]},
						"0.625": {"pre": [80.73386, 14.67109, -179.28146], "post": [36.23364, 36.02491, -318.15391]},
						"0.6667": {"pre": [36.23364, 36.02491, -318.15391], "post": [34.61852, -32.70529, -361.9245]},
						"0.75": {"pre": [34.61852, -32.70529, -361.9245], "post": [14.62728, 1.33332, -397.26915]},
						"0.7917": {"pre": [14.62728, 1.33332, -397.26915], "post": [33.06984, 62.44038, -367.62111]},
						"0.8333": {"pre": [33.06984, 62.44038, -367.62111], "post": [36.37687, -22.94044, -367.91103]},
						"0.9167": {"pre": [36.37687, -22.94044, -367.91103], "post": [-18.62313, -22.94044, -367.91103]},
						"0.9583": {"pre": [-18.62313, -22.94044, -367.91103], "post": [-17.39992, 10.4438, -378.6452]}
					}
				},
				"body": {
					"rotation": {
						"0.0": [0, 0, 0],
						"0.125": [0, 32.5, 0],
						"0.25": [0, -7.5, 0],
						"0.4167": [0, 0, 0],
						"0.5": [0, 32.5, 0],
						"0.6667": [0, -35, 0],
						"0.7917": [0, 32.5, 0],
						"1.0": [0, 0, 0]
					}
				},
				"leftArm": {
					"rotation": {
						"0.0": [0, 0, 0],
						"0.25": [-65, 0, 0],
						"0.5": [50, 0, 0],
						"0.8333": [-42.5, 0, 0]
					}
				},
				"rightArm": {
					"rotation": {
						"0.0": [-42.5, 0, 0],
						"0.2917": [42.5, 0, 0],
						"0.6667": [-55, 0, 0]
					}
				},
				"leftLeg": {
					"rotation": {
						"0.0": [22.5, 0, 0],
						"0.0833": [-40, 0, 0],
						"0.2917": [-5, 0, 0],
						"0.4583": [-37.5, 0, 0],
						"0.5833": [47.5, 0, 0],
						"0.8333": [100, 0, 0],
						"0.9583": [-40, 0, 0]
					}
				},
				"rightLeg": {
					"rotation": {
						"0.0": [-27.5, 0, 0],
						"0.1667": [57.5, 0, 0],
						"0.375": [84.69, 0, 0],
						"0.5": [-15, 0, 0],
						"0.75": [-105, 0, 0],
						"0.8333": [-212.5, 0, 0]
					}
				},
				"eyes": {
					"scale": {
						"0.0": [1, 1, 1],
						"0.0833": [1, 1, 0.2],
						"0.2917": [1, 1, 1],
						"0.4167": [1, 1, 1],
						"0.5": [1, 1, 0.2],
						"0.625": [1, 1, 1],
						"0.6667": [1, 1, 0.2],
						"0.7917": [1, 1, 1],
						"0.875": [1, 1, 0.2],
						"0.9583": [1, 1, 1]
					}
				}
			}
		}
	}
}